dataset,sequence,frame,source_image_file,mask_file,method,label,area,centroid_z,centroid_y,centroid_x,bbox_min_z,bbox_min_y,bbox_min_x,bbox_max_z,bbox_max_y,bbox_max_x,mean_intensity,max_intensity,min_intensity,integrated_intensity,track_id,displacement_from_previous,speed,cumulative_displacement,track_length
Fluo-C3DL-MDA231,1,0,data/raw/Fluo-C3DL-MDA231/01/t000.tif,reports/milestone_2/predicted_masks/mask000.tif,otsu,1,2730.0,7.871794871794871,401.7358974358974,118.02783882783883,5,382,90,12,417,151,1808.048351648352,4095.0,232.0,4935972.0,1,,,0.0,5
Fluo-C3DL-MDA231,1,0,data/raw/Fluo-C3DL-MDA231/01/t000.tif,reports/milestone_2/predicted_masks/mask000.tif,otsu,2,4174.0,10.55534259702923,426.0790608528989,471.5225203641591,5,411,454,18,443,502,1903.4772400574989,4095.0,236.0,7945114.0,2,,,0.0,5
Fluo-C3DL-MDA231,1,0,data/raw/Fluo-C3DL-MDA231/01/t000.tif,reports/milestone_2/predicted_masks/mask000.tif,otsu,3,2053.0,7.879201169020945,151.61471018022405,391.3190452995616,6,140,358,11,166,429,1174.2055528494886,4095.0,230.0,2410644.0,3,,,0.0,5
Fluo-C3DL-MDA231,1,0,data/raw/Fluo-C3DL-MDA231/01/t000.tif,reports/milestone_2/predicted_masks/mask000.tif,otsu,4,2466.0,7.976885644768856,199.43714517437147,126.07542579075424,6,171,103,11,229,152,1450.7952149229525,4095.0,236.0,3577661.0000000005,4,,,0.0,5
Fluo-C3DL-MDA231,1,0,data/raw/Fluo-C3DL-MDA231/01/t000.tif,reports/milestone_2/predicted_masks/mask000.tif,otsu,5,1216.0,8.013157894736842,216.08881578947367,265.9547697368421,6,205,253,11,231,277,1385.123355263158,4095.0,238.0,1684310.0,5,,,0.0,5
Fluo-C3DL-MDA231,1,0,data/raw/Fluo-C3DL-MDA231/01/t000.tif,reports/milestone_2/predicted_masks/mask000.tif,otsu,6,1347.0,7.979213066072754,250.27616926503345,17.608760207869338,6,240,9,12,262,28,1726.8878990348924,4095.0,234.0,2326118.0,6,,,0.0,5
Fluo-C3DL-MDA231,1,0,data/raw/Fluo-C3DL-MDA231/01/t000.tif,reports/milestone_2/predicted_masks/mask000.tif,otsu,7,1580.0,8.098101265822784,265.2151898734177,431.38291139240505,6,253,410,12,278,448,1394.8981012658228,4095.0,238.0,2203939.0,7,,,0.0,5
Fluo-C3DL-MDA231,1,0,data/raw/Fluo-C3DL-MDA231/01/t000.tif,reports/milestone_2/predicted_masks/mask000.tif,otsu,8,1578.0,9.339670468948036,323.59505703422053,5.576679340937896,6,297,0,14,345,16,1747.4531051964511,4095.0,230.0,2757481.0,8,,,0.0,5
Fluo-C3DL-MDA231,1,0,data/raw/Fluo-C3DL-MDA231/01/t000.tif,reports/milestone_2/predicted_masks/mask000.tif,otsu,9,1239.0,7.715899919289749,350.5407586763519,304.70621468926555,6,335,281,11,363,323,1462.3317191283293,4095.0,234.0,1811829.0,9,,,0.0,5
Fluo-C3DL-MDA231,1,0,data/raw/Fluo-C3DL-MDA231/01/t000.tif,reports/milestone_2/predicted_masks/mask000.tif,otsu,10,1450.0,7.682068965517241,381.2055172413793,352.00827586206896,6,363,330,11,418,371,1507.743448275862,4095.0,238.0,2186228.0,10,,,0.0,5
Fluo-C3DL-MDA231,1,0,data/raw/Fluo-C3DL-MDA231/01/t000.tif,reports/milestone_2/predicted_masks/mask000.tif,otsu,11,1421.0,7.676988036593948,429.3694581280788,89.65165376495426,6,416,65,11,445,117,1677.3969035890218,4095.0,242.0,2383581.0,11,,,0.0,5
Fluo-C3DL-MDA231,1,0,data/raw/Fluo-C3DL-MDA231/01/t000.tif,reports/milestone_2/predicted_masks/mask000.tif,otsu,12,2698.0,7.707561156412157,472.4855448480356,254.37064492216456,6,455,220,12,499,313,1550.390289103039,4095.0,234.0,4182953.0,12,,,0.0,5
Fluo-C3DL-MDA231,1,0,data/raw/Fluo-C3DL-MDA231/01/t000.tif,reports/milestone_2/predicted_masks/mask000.tif,otsu,13,474.0,7.565400843881856,502.62025316455697,8.987341772151899,6,494,4,11,512,16,1328.2700421940929,4095.0,242.0,629600.0,13,,,0.0,5
Fluo-C3DL-MDA231,1,0,data/raw/Fluo-C3DL-MDA231/01/t000.tif,reports/milestone_2/predicted_masks/mask000.tif,otsu,14,127.0,7.937007874015748,38.29133858267716,303.1732283464567,7,35,299,10,42,308,1174.6929133858268,4095.0,242.0,149186.0,14,,,0.0,5
Fluo-C3DL-MDA231,1,0,data/raw/Fluo-C3DL-MDA231/01/t000.tif,reports/milestone_2/predicted_masks/mask000.tif,otsu,15,1835.0,9.28283378746594,462.0479564032698,47.058310626703,7,431,38,13,491,54,1531.538419618529,4095.0,236.0,2810373.0,15,,,0.0,5
Fluo-C3DL-MDA231,1,0,data/raw/Fluo-C3DL-MDA231/01/t000.tif,reports/milestone_2/predicted_masks/mask000.tif,otsu,16,1585.0,10.49968454258675,249.1312302839117,308.0675078864353,8,239,294,15,268,319,1685.581072555205,4095.0,240.0,2671646.0,16,,,0.0,5
Fluo-C3DL-MDA231,1,0,data/raw/Fluo-C3DL-MDA231/01/t000.tif,reports/milestone_2/predicted_masks/mask000.tif,otsu,17,2374.0,12.237573715248526,200.05054759898903,45.58803706823926,9,175,29,16,227,58,1496.5332771693345,4095.0,242.0,3552770.0,17,,,0.0,5
Fluo-C3DL-MDA231,1,0,data/raw/Fluo-C3DL-MDA231/01/t000.tif,reports/milestone_2/predicted_masks/mask000.tif,otsu,18,1004.0,11.50996015936255,251.53187250996012,42.20219123505976,9,238,35,15,265,51,1225.1583665338646,4095.0,242.0,1230059.0,18,,,0.0,2
Fluo-C3DL-MDA231,1,0,data/raw/Fluo-C3DL-MDA231/01/t000.tif,reports/milestone_2/predicted_masks/mask000.tif,otsu,19,1273.0,13.831893165750197,410.3503534956795,449.30243519245874,9,402,440,18,420,458,1689.3095051060486,4095.0,242.0,2150491.0,19,,,0.0,1
Fluo-C3DL-MDA231,1,0,data/raw/Fluo-C3DL-MDA231/01/t000.tif,reports/milestone_2/predicted_masks/mask000.tif,otsu,20,1911.0,15.671376242804817,378.1323914181057,385.7985347985348,10,368,359,21,387,400,1655.265306122449,4095.0,244.0,3163212.0,20,,,0.0,5
Fluo-C3DL-MDA231,1,0,data/raw/Fluo-C3DL-MDA231/01/t000.tif,reports/milestone_2/predicted_masks/mask000.tif,otsu,21,1004.0,14.891434262948207,393.1842629482072,13.384462151394422,12,377,7,19,416,19,1108.768924302789,4095.0,246.0,1113204.0,21,,,0.0,5
Fluo-C3DL-MDA231,1,0,data/raw/Fluo-C3DL-MDA231/01/t000.tif,reports/milestone_2/predicted_masks/mask000.tif,otsu,22,1609.0,15.911124922311997,490.5568676196396,407.7588564325668,13,458,399,20,512,416,1305.13859540087,4095.0,238.0,2099968.0,22,,,0.0,5
Fluo-C3DL-MDA231,1,0,data/raw/Fluo-C3DL-MDA231/01/t000.tif,reports/milestone_2/predicted_masks/mask000.tif,otsu,23,245.0,16.624489795918368,338.65714285714284,481.1224489795918,15,322,478,19,356,485,685.3142857142857,2258.0,234.0,167902.0,23,,,0.0,5
Fluo-C3DL-MDA231,1,0,data/raw/Fluo-C3DL-MDA231/01/t000.tif,reports/milestone_2/predicted_masks/mask000.tif,otsu,24,1541.0,18.35042180402336,438.6709928617781,168.68851395197925,15,428,160,23,449,178,1851.8325762491888,4095.0,242.0,2853674.0,24,,,0.0,5
Fluo-C3DL-MDA231,1,0,data/raw/Fluo-C3DL-MDA231/01/t000.tif,reports/milestone_2/predicted_masks/mask000.tif,otsu,25,1295.0,19.573745173745174,189.24015444015444,395.38841698841696,16,178,388,24,199,404,1729.8563706563707,4095.0,240.0,2240164.0,25,,,0.0,4
Fluo-C3DL-MDA231,1,0,data/raw/Fluo-C3DL-MDA231/01/t000.tif,reports/milestone_2/predicted_masks/mask000.tif,otsu,26,896.0,21.127232142857142,180.92299107142856,186.5133928571429,18,163,181,25,204,192,868.9520089285714,4095.0,242.0,778581.0,26,,,0.0,5
Fluo-C3DL-MDA231,1,0,data/raw/Fluo-C3DL-MDA231/01/t000.tif,reports/milestone_2/predicted_masks/mask000.tif,otsu,27,4811.0,21.07378923300769,194.10205778424444,335.0072749948036,18,159,303,25,245,386,1409.3849511536064,4095.0,236.0,6780551.0,27,,,0.0,5
Fluo-C3DL-MDA231,1,0,data/raw/Fluo-C3DL-MDA231/01/t000.tif,reports/milestone_2/predicted_masks/mask000.tif,otsu,28,981.0,21.47706422018349,378.1722731906218,329.697247706422,19,362,323,25,392,340,1090.0479102956167,4095.0,248.0,1069337.0,28,,,0.0,5
Fluo-C3DL-MDA231,1,0,data/raw/Fluo-C3DL-MDA231/01/t000.tif,reports/milestone_2/predicted_masks/mask000.tif,otsu,29,1045.0,21.48421052631579,504.9177033492823,88.28995215311005,19,497,78,25,512,98,1538.2985645933015,4095.0,248.0,1607522.0,29,,,0.0,5
Fluo-C3DL-MDA231,1,0,data/raw/Fluo-C3DL-MDA231/01/t000.tif,reports/milestone_2/predicted_masks/mask000.tif,otsu,30,695.0,22.4589928057554,498.3625899280576,277.39712230215827,21,480,265,25,512,289,901.6057553956834,3940.0,246.0,626616.0,30,,,0.0,5
Fluo-C3DL-MDA231,1,1,data/raw/Fluo-C3DL-MDA231/01/t001.tif,reports/milestone_2/predicted_masks/mask001.tif,otsu,1,1274.0,8.008634222919937,251.1255886970173,17.482731554160125,5,241,9,12,261,28,1814.5031397174253,4095.0,240.0,2311677.0,6,0.8592218557844911,0.8592218557844911,0.8592218557844911,5
Fluo-C3DL-MDA231,1,1,data/raw/Fluo-C3DL-MDA231/01/t001.tif,reports/milestone_2/predicted_masks/mask001.tif,otsu,2,1403.0,7.6928011404134,397.1183178902352,357.30506058446184,5,373,340,11,443,369,1505.1717747683535,4095.0,232.0,2111756.0,10,16.771203536573644,16.771203536573644,16.771203536573644,5
Fluo-C3DL-MDA231,1,1,data/raw/Fluo-C3DL-MDA231/01/t001.tif,reports/milestone_2/predicted_masks/mask001.tif,otsu,3,1843.0,7.863266413456321,392.849158979924,132.8540423223006,5,354,113,12,408,157,1724.7683125339122,4095.0,238.0,3178748.0,1,17.28555764731551,17.28555764731551,17.28555764731551,5
Fluo-C3DL-MDA231,1,1,data/raw/Fluo-C3DL-MDA231/01/t001.tif,reports/milestone_2/predicted_masks/mask001.tif,otsu,4,2601.0,7.771241830065359,429.9438677431757,85.09842368319877,5,413,40,12,451,120,1674.0722798923491,4095.0,240.0,4354262.0,11,4.590286958448523,4.590286958448523,4.590286958448523,5
Fluo-C3DL-MDA231,1,1,data/raw/Fluo-C3DL-MDA231/01/t001.tif,reports/milestone_2/predicted_masks/mask001.tif,otsu,5,5805.0,11.275624461670974,422.0828596037898,464.6618432385874,5,403,443,18,446,496,1857.0403100775195,4095.0,242.0,10780119.0,2,7.972284553956669,7.972284553956669,7.972284553956669,5
Fluo-C3DL-MDA231,1,1,data/raw/Fluo-C3DL-MDA231/01/t001.tif,reports/milestone_2/predicted_masks/mask001.tif,otsu,6,133.0,7.744360902255639,38.43609022556391,303.6691729323308,6,35,300,10,42,309,1122.142857142857,4095.0,242.0,149245.0,14,0.5513863673546746,0.5513863673546746,0.5513863673546746,5
Fluo-C3DL-MDA231,1,1,data/raw/Fluo-C3DL-MDA231/01/t001.tif,reports/milestone_2/predicted_masks/mask001.tif,otsu,7,1883.0,7.835369091874668,156.3329792883696,393.1439192777483,6,144,363,11,175,426,1243.2352628783856,4095.0,232.0,2341012.0,3,5.059066086159616,5.059066086159616,5.059066086159616,5
Fluo-C3DL-MDA231,1,1,data/raw/Fluo-C3DL-MDA231/01/t001.tif,reports/milestone_2/predicted_masks/mask001.tif,otsu,8,2361.0,7.962304108428632,194.81448538754765,120.26725963574756,6,176,96,11,210,159,1392.574332909784,4095.0,240.0,3287868.0,4,7.4232061947709,7.4232061947709,7.4232061947709,5
Fluo-C3DL-MDA231,1,1,data/raw/Fluo-C3DL-MDA231/01/t001.tif,reports/milestone_2/predicted_masks/mask001.tif,otsu,9,1278.0,7.982003129890454,220.5305164319249,264.6909233176839,6,204,240,11,240,290,1370.805164319249,4095.0,242.0,1751889.0,5,4.618114657275547,4.618114657275547,4.618114657275547,5
Fluo-C3DL-MDA231,1,1,data/raw/Fluo-C3DL-MDA231/01/t001.tif,reports/milestone_2/predicted_masks/mask001.tif,otsu,10,1463.0,8.121667805878332,265.67737525632265,433.48257006151744,6,253,416,11,276,446,1450.9104579630896,4095.0,240.0,2122682.0,7,2.1500551706316644,2.1500551706316644,2.1500551706316644,5
Fluo-C3DL-MDA231,1,1,data/raw/Fluo-C3DL-MDA231/01/t001.tif,reports/milestone_2/predicted_masks/mask001.tif,otsu,11,1691.0,9.076286221170903,324.8586635127144,6.289178001182732,6,306,0,14,352,19,1670.0124186871674,4095.0,244.0,2823991.0,8,1.4743564478508642,1.4743564478508642,1.4743564478508642,5
Fluo-C3DL-MDA231,1,1,data/raw/Fluo-C3DL-MDA231/01/t001.tif,reports/milestone_2/predicted_masks/mask001.tif,otsu,12,1112.0,7.777877697841727,356.068345323741,291.5188848920863,6,345,266,11,377,310,1497.591726618705,4095.0,242.0,1665322.0,9,14.299081179187713,14.299081179187713,14.299081179187713,5
Fluo-C3DL-MDA231,1,1,data/raw/Fluo-C3DL-MDA231/01/t001.tif,reports/milestone_2/predicted_masks/mask001.tif,otsu,13,2473.0,7.809543065103114,476.47755762232106,247.25879498584715,6,460,219,12,503,306,1597.6016983420946,4095.0,242.0,3950869.0,12,8.156284436951454,8.156284436951454,8.156284436951454,5
Fluo-C3DL-MDA231,1,1,data/raw/Fluo-C3DL-MDA231/01/t001.tif,reports/milestone_2/predicted_masks/mask001.tif,otsu,14,238.0,7.449579831932773,506.2983193277311,8.046218487394958,6,500,5,10,512,12,1342.3067226890755,4095.0,244.0,319469.0,13,3.7983283487091035,3.7983283487091035,3.7983283487091035,5
Fluo-C3DL-MDA231,1,1,data/raw/Fluo-C3DL-MDA231/01/t001.tif,reports/milestone_2/predicted_masks/mask001.tif,otsu,15,1321.0,9.391370174110522,469.6487509462529,46.55109765329296,7,459,38,13,483,55,1769.0613171839516,4095.0,242.0,2336930.0,15,7.618472473682854,7.618472473682854,7.618472473682854,5
Fluo-C3DL-MDA231,1,1,data/raw/Fluo-C3DL-MDA231/01/t001.tif,reports/milestone_2/predicted_masks/mask001.tif,otsu,16,2251.0,12.15726343847179,199.8165259884496,45.39182585517548,8,177,33,17,218,56,1598.5104398045314,4095.0,240.0,3598247.0,17,0.31577633680721345,0.31577633680721345,0.31577633680721345,5
Fluo-C3DL-MDA231,1,1,data/raw/Fluo-C3DL-MDA231/01/t001.tif,reports/milestone_2/predicted_masks/mask001.tif,otsu,17,1729.0,10.49624060150376,249.65182186234816,308.9624060150376,8,232,296,14,273,320,1616.5344129554655,4095.0,244.0,2794988.0,16,1.0353116018112687,1.0353116018112687,1.0353116018112687,5
Fluo-C3DL-MDA231,1,1,data/raw/Fluo-C3DL-MDA231/01/t001.tif,reports/milestone_2/predicted_masks/mask001.tif,otsu,18,1114.0,11.35278276481149,252.18671454219032,42.39138240574506,8,239,34,15,266,51,1111.665170556553,4095.0,240.0,1238395.0,18,0.6995113434380487,0.6995113434380487,0.6995113434380487,2
Fluo-C3DL-MDA231,1,1,data/raw/Fluo-C3DL-MDA231/01/t001.tif,reports/milestone_2/predicted_masks/mask001.tif,otsu,19,1048.0,15.177480916030534,390.4360687022901,14.38740458015267,12,371,8,19,415,22,1080.6593511450385,4095.0,248.0,1132531.0,21,2.9394366495019444,2.9394366495019444,2.9394366495019444,5
Fluo-C3DL-MDA231,1,1,data/raw/Fluo-C3DL-MDA231/01/t001.tif,reports/milestone_2/predicted_masks/mask001.tif,otsu,20,1831.0,16.11359912616057,377.7471327143637,388.4986346258875,13,367,377,21,388,400,1742.8809393773895,4095.0,240.0,3191215.0,20,2.7630643179344867,2.7630643179344867,2.7630643179344867,5
Fluo-C3DL-MDA231,1,1,data/raw/Fluo-C3DL-MDA231/01/t001.tif,reports/milestone_2/predicted_masks/mask001.tif,otsu,21,1581.0,16.00695762175838,488.87033523086654,409.72422517394057,13,462,402,20,512,423,1106.955091714105,4095.0,242.0,1750096.0,22,2.591572822483066,2.591572822483066,2.591572822483066,5
Fluo-C3DL-MDA231,1,1,data/raw/Fluo-C3DL-MDA231/01/t001.tif,reports/milestone_2/predicted_masks/mask001.tif,otsu,22,1616.0,18.21410891089109,440.5563118811881,168.45606435643563,14,430,159,24,451,179,1883.3409653465344,4095.0,250.0,3043479.0,24,1.9044794102986873,1.9044794102986873,1.9044794102986873,5
Fluo-C3DL-MDA231,1,1,data/raw/Fluo-C3DL-MDA231/01/t001.tif,reports/milestone_2/predicted_masks/mask001.tif,otsu,23,339.0,16.44542772861357,337.43362831858406,480.5634218289085,15,325,477,19,350,485,686.2300884955753,3772.0,246.0,232632.00000000003,23,1.3570417846232006,1.3570417846232006,1.3570417846232006,5
Fluo-C3DL-MDA231,1,1,data/raw/Fluo-C3DL-MDA231/01/t001.tif,reports/milestone_2/predicted_masks/mask001.tif,otsu,24,2608.0,20.273389570552148,181.30176380368096,380.6549079754601,16,170,342,24,200,404,1515.0962423312883,4095.0,236.0,3951371.0,25,16.75063688383562,16.75063688383562,16.75063688383562,4
Fluo-C3DL-MDA231,1,1,data/raw/Fluo-C3DL-MDA231/01/t001.tif,reports/milestone_2/predicted_masks/mask001.tif,otsu,25,750.0,20.402666666666665,171.84533333333334,186.2853333333333,17,153,182,24,191,192,816.7546666666667,4095.0,244.0,612566.0,26,9.109383968506721,9.109383968506721,9.109383968506721,5
Fluo-C3DL-MDA231,1,1,data/raw/Fluo-C3DL-MDA231/01/t001.tif,reports/milestone_2/predicted_masks/mask001.tif,otsu,26,3665.0,21.073942701227832,205.5699863574352,324.64556616643927,18,165,300,25,251,355,1380.1765347885405,4095.0,242.0,5058347.0,27,15.455691366844798,15.455691366844798,15.455691366844798,5
Fluo-C3DL-MDA231,1,1,data/raw/Fluo-C3DL-MDA231/01/t001.tif,reports/milestone_2/predicted_masks/mask001.tif,otsu,27,1031.0,21.40737148399612,505.7875848690592,89.34917555771096,19,499,79,25,512,100,1512.2638215324928,4095.0,246.0,1559144.0,29,1.3727899758259707,1.3727899758259707,1.3727899758259707,5
Fluo-C3DL-MDA231,1,1,data/raw/Fluo-C3DL-MDA231/01/t001.tif,reports/milestone_2/predicted_masks/mask001.tif,otsu,28,1112.0,21.842625899280577,375.6852517985611,325.9478417266187,20,361,310,25,391,342,1057.3273381294964,4095.0,246.0,1175748.0,28,4.514084175907253,4.514084175907253,4.514084175907253,5
Fluo-C3DL-MDA231,1,1,data/raw/Fluo-C3DL-MDA231/01/t001.tif,reports/milestone_2/predicted_masks/mask001.tif,otsu,29,316.0,22.272151898734176,505.8575949367088,282.75949367088606,20,496,277,25,512,291,918.1012658227849,2854.0,254.0,290120.0,30,9.217648089420322,9.217648089420322,9.217648089420322,5
Fluo-C3DL-MDA231,1,2,data/raw/Fluo-C3DL-MDA231/01/t002.tif,reports/milestone_2/predicted_masks/mask002.tif,otsu,1,1769.0,8.11927642736009,397.9304691916337,128.22724703222158,5,387,99,12,413,146,1674.870548332391,4095.0,244.0,2962846.0,1,6.876953486184199,6.876953486184199,24.16251113349971,5
Fluo-C3DL-MDA231,1,2,data/raw/Fluo-C3DL-MDA231/01/t002.tif,reports/milestone_2/predicted_masks/mask002.tif,otsu,2,5998.0,11.109536512170724,422.4519839946649,463.552017339113,5,405,441,18,444,499,1828.347282427476,4095.0,246.0,10966427.0,2,1.1813346477828606,1.1813346477828606,9.153619201739529,5
Fluo-C3DL-MDA231,1,2,data/raw/Fluo-C3DL-MDA231/01/t002.tif,reports/milestone_2/predicted_masks/mask002.tif,otsu,3,133.0,7.7894736842105265,38.90225563909775,303.1127819548872,6,36,299,10,43,308,1165.781954887218,4095.0,246.0,155049.0,14,0.7272663031184079,0.7272663031184079,1.2786526704730825,5
Fluo-C3DL-MDA231,1,2,data/raw/Fluo-C3DL-MDA231/01/t002.tif,reports/milestone_2/predicted_masks/mask002.tif,otsu,4,1129.0,7.850310008857396,151.9583702391497,380.1558901682905,6,142,356,11,161,400,1462.6536758193092,4095.0,238.0,1651336.0000000002,31,,,0.0,3
Fluo-C3DL-MDA231,1,2,data/raw/Fluo-C3DL-MDA231/01/t002.tif,reports/milestone_2/predicted_masks/mask002.tif,otsu,5,442.0,7.889140271493213,164.1108597285068,402.8800904977376,6,155,394,10,176,411,1344.6787330316745,4095.0,244.0,594348.0,3,12.461594821922878,12.461594821922878,17.520660908082494,5
Fluo-C3DL-MDA231,1,2,data/raw/Fluo-C3DL-MDA231/01/t002.tif,reports/milestone_2/predicted_masks/mask002.tif,otsu,6,1323.0,7.885865457294028,192.75661375661372,101.7490551776266,6,164,92,11,221,108,1340.6009070294783,4095.0,234.0,1773615.0000000002,4,18.63235290749832,18.63235290749832,26.05555910226922,5
Fluo-C3DL-MDA231,1,2,data/raw/Fluo-C3DL-MDA231/01/t002.tif,reports/milestone_2/predicted_masks/mask002.tif,otsu,7,1052.0,8.113117870722434,200.43250950570345,146.824144486692,6,193,133,11,211,167,1445.4420152091254,4095.0,246.0,1520605.0,32,,,0.0,3
Fluo-C3DL-MDA231,1,2,data/raw/Fluo-C3DL-MDA231/01/t002.tif,reports/milestone_2/predicted_masks/mask002.tif,otsu,8,1339.0,8.002240477968634,228.0149365197909,267.01643017177,6,212,242,11,248,290,1341.3898431665425,4095.0,244.0,1796121.0,5,7.837406186380221,7.837406186380221,12.45552084365577,5
Fluo-C3DL-MDA231,1,2,data/raw/Fluo-C3DL-MDA231/01/t002.tif,reports/milestone_2/predicted_masks/mask002.tif,otsu,9,2900.0,9.489310344827588,249.1393103448276,24.96862068965517,6,224,0,15,269,51,1365.133448275862,4095.0,236.0,3958887.0,6,7.885191159337079,7.885191159337079,8.74441301512157,5
Fluo-C3DL-MDA231,1,2,data/raw/Fluo-C3DL-MDA231/01/t002.tif,reports/milestone_2/predicted_masks/mask002.tif,otsu,10,1456.0,8.245192307692308,268.0364010989011,432.6291208791209,6,253,419,12,282,444,1428.862637362637,4095.0,250.0,2080424.0,7,2.5116999692309254,2.5116999692309254,4.66175513986259,5
Fluo-C3DL-MDA231,1,2,data/raw/Fluo-C3DL-MDA231/01/t002.tif,reports/milestone_2/predicted_masks/mask002.tif,otsu,11,1619.0,9.358863495985176,324.04694255713406,6.290920321185917,6,307,0,14,345,17,1703.9450277949352,4095.0,244.0,2758687.0,8,0.8595021010146925,0.8595021010146925,2.3338585488655568,5
Fluo-C3DL-MDA231,1,2,data/raw/Fluo-C3DL-MDA231/01/t002.tif,reports/milestone_2/predicted_masks/mask002.tif,otsu,12,1230.0,7.839024390243902,359.650406504065,293.98048780487807,6,349,270,11,376,326,1442.878048780488,4095.0,244.0,1774740.0000000002,9,4.346767778227945,4.346767778227945,18.64584895741566,5
Fluo-C3DL-MDA231,1,2,data/raw/Fluo-C3DL-MDA231/01/t002.tif,reports/milestone_2/predicted_masks/mask002.tif,otsu,13,1485.0,7.729292929292929,412.2922558922559,362.65858585858587,6,391,355,11,444,372,1410.297643097643,4095.0,234.0,2094292.0,10,16.09067925851826,16.09067925851826,32.8618827950919,5
Fluo-C3DL-MDA231,1,2,data/raw/Fluo-C3DL-MDA231/01/t002.tif,reports/milestone_2/predicted_masks/mask002.tif,otsu,14,2713.0,7.758938444526355,432.8109104312569,76.20457058606708,6,413,44,11,452,110,1617.048654625875,4095.0,234.0,4387053.0,11,9.344554995393556,9.344554995393556,13.93484195384208,5
Fluo-C3DL-MDA231,1,2,data/raw/Fluo-C3DL-MDA231/01/t002.tif,reports/milestone_2/predicted_masks/mask002.tif,otsu,15,2395.0,7.844676409185804,473.12192066805846,248.9482254697286,6,456,218,12,487,310,1576.6141962421711,4095.0,240.0,3775991.0,12,3.757087845732001,3.757087845732001,11.913372282683454,5
Fluo-C3DL-MDA231,1,2,data/raw/Fluo-C3DL-MDA231/01/t002.tif,reports/milestone_2/predicted_masks/mask002.tif,otsu,16,239.0,7.631799163179917,504.6234309623431,6.949790794979079,6,492,4,10,512,11,1156.652719665272,4095.0,250.0,276440.0,13,2.010126514896201,2.010126514896201,5.808454863605304,5
Fluo-C3DL-MDA231,1,2,data/raw/Fluo-C3DL-MDA231/01/t002.tif,reports/milestone_2/predicted_masks/mask002.tif,otsu,17,1223.0,9.525756336876531,468.0351594439902,45.49877350776779,7,459,37,14,478,55,1857.683565004088,4095.0,250.0,2271947.0,15,1.931093805119948,1.931093805119948,9.549566278802802,5
Fluo-C3DL-MDA231,1,2,data/raw/Fluo-C3DL-MDA231/01/t002.tif,reports/milestone_2/predicted_masks/mask002.tif,otsu,18,1900.0,10.72578947368421,246.7515789473684,307.8415789473684,8,224,278,14,261,322,1600.8536842105264,4095.0,238.0,3041622.0,16,3.1177483808398505,3.1177483808398505,4.153059982651119,5
Fluo-C3DL-MDA231,1,2,data/raw/Fluo-C3DL-MDA231/01/t002.tif,reports/milestone_2/predicted_masks/mask002.tif,otsu,19,2303.0,12.465479808944854,201.04993486756405,42.9070777247069,9,180,22,18,224,57,1609.3603994789405,4095.0,238.0,3706357.0,17,2.791105169278482,2.791105169278482,3.106881506085695,5
Fluo-C3DL-MDA231,1,2,data/raw/Fluo-C3DL-MDA231/01/t002.tif,reports/milestone_2/predicted_masks/mask002.tif,otsu,20,1040.0,15.476923076923075,384.3019230769231,14.606730769230769,13,363,9,20,409,23,1069.5894230769231,4095.0,244.0,1112373.0,21,6.145365093966677,6.145365093966677,9.08480174346862,5
Fluo-C3DL-MDA231,1,2,data/raw/Fluo-C3DL-MDA231/01/t002.tif,reports/milestone_2/predicted_masks/mask002.tif,otsu,21,1892.0,16.36627906976744,377.80919661733617,390.2959830866808,13,369,378,20,388,408,1722.5385835095135,4095.0,244.0,3259043.0,20,1.816083855847327,1.816083855847327,4.579148173781814,5
Fluo-C3DL-MDA231,1,2,data/raw/Fluo-C3DL-MDA231/01/t002.tif,reports/milestone_2/predicted_masks/mask002.tif,otsu,22,1633.0,17.747091243110837,441.92774035517454,168.00244947948562,13,433,159,23,451,179,1933.074709124311,4095.0,244.0,3156711.0,24,1.5181198957493636,1.5181198957493636,3.422599306048051,5
Fluo-C3DL-MDA231,1,2,data/raw/Fluo-C3DL-MDA231/01/t002.tif,reports/milestone_2/predicted_masks/mask002.tif,otsu,23,1017.0,15.332350049164209,479.2507374631268,412.1868239921337,13,463,401,19,495,425,1236.9085545722714,4095.0,238.0,1257936.0,22,9.952695591118555,9.952695591118555,12.544268413601621,5
Fluo-C3DL-MDA231,1,2,data/raw/Fluo-C3DL-MDA231/01/t002.tif,reports/milestone_2/predicted_masks/mask002.tif,otsu,24,290.0,16.52758620689655,340.5206896551724,480.5931034482759,15,320,478,19,361,485,686.6275862068966,1934.0,246.0,199122.0,23,3.088297056622108,3.088297056622108,4.4453388412453085,5
Fluo-C3DL-MDA231,1,2,data/raw/Fluo-C3DL-MDA231/01/t002.tif,reports/milestone_2/predicted_masks/mask002.tif,otsu,25,1220.0,19.807377049180328,188.8819672131148,395.0090163934426,16,176,388,24,200,402,1772.2188524590165,4095.0,246.0,2162107.0,25,16.239368210421976,16.239368210421976,32.9900050942576,4
Fluo-C3DL-MDA231,1,2,data/raw/Fluo-C3DL-MDA231/01/t002.tif,reports/milestone_2/predicted_masks/mask002.tif,otsu,26,782.0,20.21099744245524,164.15856777493607,185.40920716112527,17,144,180,24,183,192,795.6726342710997,3206.0,250.0,622216.0,26,7.7389081213631306,7.7389081213631306,16.84829208986985,5
Fluo-C3DL-MDA231,1,2,data/raw/Fluo-C3DL-MDA231/01/t002.tif,reports/milestone_2/predicted_masks/mask002.tif,otsu,27,2598.0,20.88375673595073,170.9938414164742,345.9337952270978,18,159,307,24,181,388,1324.682832948422,4095.0,244.0,3441526.0,33,,,0.0,3
Fluo-C3DL-MDA231,1,2,data/raw/Fluo-C3DL-MDA231/01/t002.tif,reports/milestone_2/predicted_masks/mask002.tif,otsu,28,2436.0,21.307060755336614,225.6408045977012,329.57676518883414,18,198,299,26,255,358,1458.7327586206898,4095.0,238.0,3553473.0000000005,27,20.669030278641856,20.669030278641856,36.12472164548665,5
Fluo-C3DL-MDA231,1,2,data/raw/Fluo-C3DL-MDA231/01/t002.tif,reports/milestone_2/predicted_masks/mask002.tif,otsu,29,939.0,21.56549520766773,506.2279020234292,89.20553780617678,19,499,80,26,512,100,1547.574014909478,4095.0,252.0,1453172.0,29,0.48940179003153744,0.48940179003153744,1.8621917658575082,5
Fluo-C3DL-MDA231,1,2,data/raw/Fluo-C3DL-MDA231/01/t002.tif,reports/milestone_2/predicted_masks/mask002.tif,otsu,30,1179.0,21.8490245971162,377.3223070398643,325.9686174724343,20,357,310,25,391,344,1074.1849024597116,4095.0,242.0,1266464.0,28,1.6371995718379668,1.6371995718379668,6.15128374774522,5
Fluo-C3DL-MDA231,1,2,data/raw/Fluo-C3DL-MDA231/01/t002.tif,reports/milestone_2/predicted_masks/mask002.tif,otsu,31,466.0,22.27682403433477,502.912017167382,279.5,20,489,267,25,512,291,954.7982832618026,3604.0,252.0,444936.0,30,4.393261796723434,4.393261796723434,13.610909886143755,5
Fluo-C3DL-MDA231,1,3,data/raw/Fluo-C3DL-MDA231/01/t003.tif,reports/milestone_2/predicted_masks/mask003.tif,otsu,1,1463.0,8.31032125768968,395.68831168831167,141.1695146958305,5,388,129,12,405,155,1812.0088858509912,4095.0,250.0,2650969.0,1,13.136440182690114,13.136440182690114,37.29895131618982,5
Fluo-C3DL-MDA231,1,3,data/raw/Fluo-C3DL-MDA231/01/t003.tif,reports/milestone_2/predicted_masks/mask003.tif,otsu,2,5821.0,11.30853805188112,421.4837656760007,463.5985225906202,5,402,440,18,447,496,1892.417625837485,4095.0,234.0,11015763.0,2,0.9895509404885419,0.9895509404885419,10.14317014222807,5
Fluo-C3DL-MDA231,1,3,data/raw/Fluo-C3DL-MDA231/01/t003.tif,reports/milestone_2/predicted_masks/mask003.tif,otsu,3,1245.0,8.345381526104418,152.05060240963854,376.9903614457832,6,144,357,12,161,399,1510.0369477911647,4095.0,238.0,1879996.0,31,3.205335344933674,3.205335344933674,3.205335344933674,3
Fluo-C3DL-MDA231,1,3,data/raw/Fluo-C3DL-MDA231/01/t003.tif,reports/milestone_2/predicted_masks/mask003.tif,otsu,4,1168.0,8.319349315068493,186.0984589041096,101.44606164383562,6,167,95,12,206,108,1510.3655821917807,4095.0,232.0,1764107.0,4,6.67912714180485,6.67912714180485,32.73468624407407,5
Fluo-C3DL-MDA231,1,3,data/raw/Fluo-C3DL-MDA231/01/t003.tif,reports/milestone_2/predicted_masks/mask003.tif,otsu,5,1124.0,8.28202846975089,201.90836298932385,151.41281138790035,6,185,134,11,216,172,1490.5640569395018,4095.0,240.0,1675394.0,32,4.8231253587091825,4.8231253587091825,4.8231253587091825,3
Fluo-C3DL-MDA231,1,3,data/raw/Fluo-C3DL-MDA231/01/t003.tif,reports/milestone_2/predicted_masks/mask003.tif,otsu,6,1925.0,8.544415584415585,234.3838961038961,13.678961038961038,6,210,2,15,262,31,1487.6316883116883,4095.0,238.0,2863691.0,34,,,0.0,2
Fluo-C3DL-MDA231,1,3,data/raw/Fluo-C3DL-MDA231/01/t003.tif,reports/milestone_2/predicted_masks/mask003.tif,otsu,7,1252.0,8.440894568690096,229.1046325878594,266.5630990415335,6,210,247,11,243,287,1403.88178913738,4095.0,234.0,1757660.0,5,1.2591124039227686,1.2591124039227686,13.714633247578538,5
Fluo-C3DL-MDA231,1,3,data/raw/Fluo-C3DL-MDA231/01/t003.tif,reports/milestone_2/predicted_masks/mask003.tif,otsu,8,1435.0,8.495470383275261,267.29756097560977,432.8501742160279,6,253,418,12,278,445,1481.1261324041811,4095.0,232.0,2125416.0,7,0.8107949313237891,0.8107949313237891,5.4725500711863795,5
Fluo-C3DL-MDA231,1,3,data/raw/Fluo-C3DL-MDA231/01/t003.tif,reports/milestone_2/predicted_masks/mask003.tif,otsu,9,1425.0,9.851929824561404,315.82105263157894,7.24421052631579,6,293,0,16,329,30,1672.7705263157895,4095.0,242.0,2383698.0,8,8.295609783911095,8.295609783911095,10.629468332776652,5
Fluo-C3DL-MDA231,1,3,data/raw/Fluo-C3DL-MDA231/01/t003.tif,reports/milestone_2/predicted_masks/mask003.tif,otsu,10,973.0,7.926002055498459,355.9732785200411,288.37718396711205,6,342,274,11,373,303,1509.021582733813,4095.0,242.0,1468278.0,9,6.702674781269661,6.702674781269661,25.34852373868532,5
Fluo-C3DL-MDA231,1,3,data/raw/Fluo-C3DL-MDA231/01/t003.tif,reports/milestone_2/predicted_masks/mask003.tif,otsu,11,1554.0,7.871299871299871,428.1087516087516,359.43307593307594,6,402,337,11,471,372,1421.9491634491635,4095.0,234.0,2209709.0,10,16.142664495090884,16.142664495090884,49.004547290182785,5
Fluo-C3DL-MDA231,1,3,data/raw/Fluo-C3DL-MDA231/01/t003.tif,reports/milestone_2/predicted_masks/mask003.tif,otsu,12,1534.0,8.067796610169491,423.7099087353325,107.15580182529337,6,414,85,11,436,142,1397.19295958279,4095.0,236.0,2143294.0,11,32.26301815484349,32.26301815484349,46.197860108685575,5
Fluo-C3DL-MDA231,1,3,data/raw/Fluo-C3DL-MDA231/01/t003.tif,reports/milestone_2/predicted_masks/mask003.tif,otsu,13,2250.0,8.886666666666667,465.8382222222222,40.38177777777778,6,451,24,14,485,51,1828.2151111111111,4095.0,232.0,4113484.0,15,5.605230955428564,5.605230955428564,15.154797234231367,5
Fluo-C3DL-MDA231,1,3,data/raw/Fluo-C3DL-MDA231/01/t003.tif,reports/milestone_2/predicted_masks/mask003.tif,otsu,14,2257.0,8.023039432875498,481.9858218874612,248.56623836951707,6,469,231,12,512,277,1547.8205582631813,4095.0,242.0,3493431.0,12,8.873920911315206,8.873920911315206,20.78729319399866,5
Fluo-C3DL-MDA231,1,3,data/raw/Fluo-C3DL-MDA231/01/t003.tif,reports/milestone_2/predicted_masks/mask003.tif,otsu,15,207.0,7.647342995169082,505.42995169082127,7.328502415458937,6,494,5,10,512,12,1078.2657004830917,4095.0,246.0,223201.0,13,0.8911452113232475,0.8911452113232475,6.699600074928552,5
Fluo-C3DL-MDA231,1,3,data/raw/Fluo-C3DL-MDA231/01/t003.tif,reports/milestone_2/predicted_masks/mask003.tif,otsu,16,120.0,7.991666666666666,38.333333333333336,303.6666666666667,7,35,300,10,42,309,1432.0333333333333,4095.0,242.0,171844.0,14,0.8193551526010107,0.8193551526010107,2.0980078230740933,5
Fluo-C3DL-MDA231,1,3,data/raw/Fluo-C3DL-MDA231/01/t003.tif,reports/milestone_2/predicted_masks/mask003.tif,otsu,17,152.0,7.934210526315789,168.36184210526315,399.9605263157895,7,160,394,10,182,406,1231.4407894736842,4095.0,240.0,187179.0,3,5.1572024885472,5.1572024885472,22.677863396629693,5
Fluo-C3DL-MDA231,1,3,data/raw/Fluo-C3DL-MDA231/01/t003.tif,reports/milestone_2/predicted_masks/mask003.tif,otsu,18,65.0,7.892307692307693,191.3846153846154,366.3384615384616,7,188,363,10,195,371,1060.9692307692308,4095.0,240.0,68963.0,35,,,0.0,2
Fluo-C3DL-MDA231,1,3,data/raw/Fluo-C3DL-MDA231/01/t003.tif,reports/milestone_2/predicted_masks/mask003.tif,otsu,19,66.0,8.257575757575758,207.53030303030303,413.8939393939394,7,203,411,10,212,418,1063.5757575757575,3034.0,250.0,70196.0,25,28.94475177576875,28.94475177576875,61.93475687002635,4
Fluo-C3DL-MDA231,1,3,data/raw/Fluo-C3DL-MDA231/01/t003.tif,reports/milestone_2/predicted_masks/mask003.tif,otsu,20,172.0,7.866279069767442,464.1162790697674,303.5174418604651,7,461,292,10,468,314,886.1860465116279,2386.0,242.0,152424.0,36,,,0.0,1
Fluo-C3DL-MDA231,1,3,data/raw/Fluo-C3DL-MDA231/01/t003.tif,reports/milestone_2/predicted_masks/mask003.tif,otsu,21,1945.0,10.67095115681234,249.94807197943445,311.8699228791773,8,227,297,15,277,324,1616.537789203085,4095.0,236.0,3144166.0,16,5.1427745214023926,5.1427745214023926,9.295834504053513,5
Fluo-C3DL-MDA231,1,3,data/raw/Fluo-C3DL-MDA231/01/t003.tif,reports/milestone_2/predicted_masks/mask003.tif,otsu,22,2166.0,12.862880886426591,202.66020313942752,38.28808864265928,9,188,18,18,221,52,1595.3781163434903,4095.0,234.0,3455589.0,17,4.907744050358468,4.907744050358468,8.014625556444162,5
Fluo-C3DL-MDA231,1,3,data/raw/Fluo-C3DL-MDA231/01/t003.tif,reports/milestone_2/predicted_masks/mask003.tif,otsu,23,1237.0,11.697655618431687,252.9886822958771,42.901374292643496,10,238,33,15,270,53,1000.967663702506,4095.0,232.0,1238197.0,6,18.47371389435451,18.47371389435451,27.21812690947608,5
Fluo-C3DL-MDA231,1,3,data/raw/Fluo-C3DL-MDA231/01/t003.tif,reports/milestone_2/predicted_masks/mask003.tif,otsu,24,1865.0,16.61501340482574,378.1608579088472,387.6970509383378,13,368,377,21,389,402,1754.4504021447722,4095.0,242.0,3272050.0,20,2.634384699521869,2.634384699521869,7.2135328733036825,5
Fluo-C3DL-MDA231,1,3,data/raw/Fluo-C3DL-MDA231/01/t003.tif,reports/milestone_2/predicted_masks/mask003.tif,otsu,25,1125.0,15.82311111111111,383.5591111111111,15.609777777777778,13,365,9,19,409,26,1067.6097777777777,4095.0,246.0,1201061.0,21,1.2952679541019922,1.2952679541019922,10.380069697570613,5
Fluo-C3DL-MDA231,1,3,data/raw/Fluo-C3DL-MDA231/01/t003.tif,reports/milestone_2/predicted_masks/mask003.tif,otsu,26,1077.0,15.70380687093779,479.8895078922934,411.96007428040855,13,460,402,19,500,424,1133.267409470752,4095.0,242.0,1220529.0,22,0.7729316033047442,0.7729316033047442,13.317200016906366,5
Fluo-C3DL-MDA231,1,3,data/raw/Fluo-C3DL-MDA231/01/t003.tif,reports/milestone_2/predicted_masks/mask003.tif,otsu,27,1670.0,17.71317365269461,441.72934131736525,167.6071856287425,14,433,155,23,451,178,1922.0928143712572,4095.0,234.0,3209895.0,24,0.44356069804206055,0.44356069804206055,3.866160004090111,5
Fluo-C3DL-MDA231,1,3,data/raw/Fluo-C3DL-MDA231/01/t003.tif,reports/milestone_2/predicted_masks/mask003.tif,otsu,28,194.0,16.412371134020617,336.29896907216494,480.4948453608248,15,326,478,19,348,485,657.0,2278.0,238.0,127458.0,23,4.224435328627529,4.224435328627529,8.669774169872838,5
Fluo-C3DL-MDA231,1,3,data/raw/Fluo-C3DL-MDA231/01/t003.tif,reports/milestone_2/predicted_masks/mask003.tif,otsu,29,3612.0,20.74750830564784,177.2483388704319,365.5174418604651,16,163,314,25,200,402,1524.454872646733,4095.0,238.0,5506331.0,33,20.558611759963817,20.558611759963817,20.558611759963817,3
Fluo-C3DL-MDA231,1,3,data/raw/Fluo-C3DL-MDA231/01/t003.tif,reports/milestone_2/predicted_masks/mask003.tif,otsu,30,114.0,16.964912280701753,507.00877192982455,402.2719298245614,16,501,399,20,512,408,929.4561403508771,3350.0,262.0,105958.0,37,,,0.0,2
Fluo-C3DL-MDA231,1,3,data/raw/Fluo-C3DL-MDA231/01/t003.tif,reports/milestone_2/predicted_masks/mask003.tif,otsu,31,2445.0,21.36237218813906,223.70633946830264,330.8568507157464,18,196,302,26,250,357,1475.5288343558282,4095.0,238.0,3607668.0,27,2.3203089552186507,2.3203089552186507,38.4450306007053,5
Fluo-C3DL-MDA231,1,3,data/raw/Fluo-C3DL-MDA231/01/t003.tif,reports/milestone_2/predicted_masks/mask003.tif,otsu,32,759.0,20.88010540184453,165.0197628458498,183.53754940711465,19,156,177,24,177,190,869.4650856389986,2974.0,238.0,659924.0,26,2.1662098604780353,2.1662098604780353,19.014501950347885,5
Fluo-C3DL-MDA231,1,3,data/raw/Fluo-C3DL-MDA231/01/t003.tif,reports/milestone_2/predicted_masks/mask003.tif,otsu,33,1220.0,22.11229508196721,382.5491803278688,329.6286885245902,19,375,308,25,392,350,1105.4467213114754,4095.0,236.0,1348645.0,28,6.386363270585062,6.386363270585062,12.537647018330283,5
Fluo-C3DL-MDA231,1,3,data/raw/Fluo-C3DL-MDA231/01/t003.tif,reports/milestone_2/predicted_masks/mask003.tif,otsu,34,943.0,21.66489925768823,505.89925768822906,90.6458112407211,19,497,81,26,512,100,1490.7762460233298,4095.0,244.0,1405802.0,29,1.48063359089064,1.48063359089064,3.3428253567481483,5
Fluo-C3DL-MDA231,1,3,data/raw/Fluo-C3DL-MDA231/01/t003.tif,reports/milestone_2/predicted_masks/mask003.tif,otsu,35,512.0,22.509765625,503.431640625,279.734375,21,488,270,25,512,291,957.45703125,4095.0,252.0,490218.0,30,0.6157937666082361,0.6157937666082361,14.226703652751992,5
Fluo-C3DL-MDA231,1,4,data/raw/Fluo-C3DL-MDA231/01/t004.tif,reports/milestone_2/predicted_masks/mask004.tif,otsu,1,1396.0,8.531518624641834,398.3402578796562,140.29011461318052,5,390,131,13,408,151,1855.2786532951288,4095.0,240.0,2589969.0,1,2.8026935940801607,2.8026935940801607,40.10164491026998,5
Fluo-C3DL-MDA231,1,4,data/raw/Fluo-C3DL-MDA231/01/t004.tif,reports/milestone_2/predicted_masks/mask004.tif,otsu,2,5758.0,11.650920458492532,420.093261549149,463.9659604029177,5,402,441,19,439,495,1922.018235498437,4095.0,250.0,11066981.0,2,1.4784241560034652,1.4784241560034652,11.621594298231535,5
Fluo-C3DL-MDA231,1,4,data/raw/Fluo-C3DL-MDA231/01/t004.tif,reports/milestone_2/predicted_masks/mask004.tif,otsu,3,1536.0,8.358072916666666,154.17447916666666,382.0950520833333,6,143,359,11,180,406,1479.5657552083333,4095.0,244.0,2272613.0,31,5.528913098930962,5.528913098930962,8.734248443864637,3
Fluo-C3DL-MDA231,1,4,data/raw/Fluo-C3DL-MDA231/01/t004.tif,reports/milestone_2/predicted_masks/mask004.tif,otsu,4,3872.0,11.621642561983473,206.1952479338843,30.52376033057851,6,186,10,19,231,52,1505.5808367768595,4095.0,246.0,5829609.0,17,8.62102130925689,8.62102130925689,16.63564686570105,5
Fluo-C3DL-MDA231,1,4,data/raw/Fluo-C3DL-MDA231/01/t004.tif,reports/milestone_2/predicted_masks/mask004.tif,otsu,5,1159.0,8.405522001725625,197.29335634167387,100.46764452113892,6,181,89,12,219,110,1542.1949956859362,4095.0,234.0,1787404.0,4,11.23790258168733,11.23790258168733,43.9725888257614,5
Fluo-C3DL-MDA231,1,4,data/raw/Fluo-C3DL-MDA231/01/t004.tif,reports/milestone_2/predicted_masks/mask004.tif,otsu,6,1091.0,8.599450045829514,228.05591200733272,263.7204399633364,6,218,255,12,243,273,1648.5013748854262,4095.0,244.0,1798515.0,5,3.0340839359199845,3.0340839359199845,16.748717183498524,5
Fluo-C3DL-MDA231,1,4,data/raw/Fluo-C3DL-MDA231/01/t004.tif,reports/milestone_2/predicted_masks/mask004.tif,otsu,7,1409.0,8.647977288857346,268.32718239886447,433.5507452093684,6,256,421,12,279,445,1462.7402413058908,4095.0,244.0,2061001.0,7,1.2546626431775958,1.2546626431775958,6.727212714363976,5
Fluo-C3DL-MDA231,1,4,data/raw/Fluo-C3DL-MDA231/01/t004.tif,reports/milestone_2/predicted_masks/mask004.tif,otsu,8,1020.0,8.999019607843136,321.0862745098039,10.79607843137255,6,312,2,13,331,28,1749.1088235294117,4095.0,238.0,1784091.0,8,6.408258958538857,6.408258958538857,17.03772729131551,5
Fluo-C3DL-MDA231,1,4,data/raw/Fluo-C3DL-MDA231/01/t004.tif,reports/milestone_2/predicted_masks/mask004.tif,otsu,9,1334.0,8.235382308845578,358.3185907046477,287.595952023988,6,331,264,12,397,314,1382.0164917541229,4095.0,246.0,1843610.0,9,2.4912905758627777,2.4912905758627777,27.839814314548097,5
Fluo-C3DL-MDA231,1,4,data/raw/Fluo-C3DL-MDA231/01/t004.tif,reports/milestone_2/predicted_masks/mask004.tif,otsu,10,1663.0,8.241130487071558,422.2717979555021,123.82140709561034,6,396,103,12,454,160,1445.7570655441973,4095.0,242.0,2404294.0,11,16.72843705412921,16.72843705412921,62.926297162814784,5
Fluo-C3DL-MDA231,1,4,data/raw/Fluo-C3DL-MDA231/01/t004.tif,reports/milestone_2/predicted_masks/mask004.tif,otsu,11,1718.0,7.980209545983702,436.0454016298021,357.1245634458673,6,399,319,11,480,381,1353.556461001164,4095.0,246.0,2325410.0,10,8.266287242618562,8.266287242618562,57.270834532801345,5
Fluo-C3DL-MDA231,1,4,data/raw/Fluo-C3DL-MDA231/01/t004.tif,reports/milestone_2/predicted_masks/mask004.tif,otsu,12,2855.0,9.154816112084063,471.6847635726795,42.14535901926445,6,437,23,14,507,63,1565.4227670753064,4095.0,234.0,4469282.0,15,6.112623715149526,6.112623715149526,21.26742094938089,5
Fluo-C3DL-MDA231,1,4,data/raw/Fluo-C3DL-MDA231/01/t004.tif,reports/milestone_2/predicted_masks/mask004.tif,otsu,13,2223.0,8.2046783625731,482.48403058929375,245.07377417903731,6,457,224,12,512,266,1620.5515069725595,4095.0,240.0,3602486.0,12,3.5324935574105067,3.5324935574105067,24.31978675140917,5
Fluo-C3DL-MDA231,1,4,data/raw/Fluo-C3DL-MDA231/01/t004.tif,reports/milestone_2/predicted_masks/mask004.tif,otsu,14,269.0,7.75092936802974,504.8475836431227,7.520446096654275,6,495,5,10,512,12,1123.5985130111524,4095.0,244.0,302248.0,13,0.6218722186860554,0.6218722186860554,7.321472293614607,5
Fluo-C3DL-MDA231,1,4,data/raw/Fluo-C3DL-MDA231/01/t004.tif,reports/milestone_2/predicted_masks/mask004.tif,otsu,15,114.0,8.043859649122806,38.29824561403509,303.3421052631579,7,35,299,10,42,309,1498.0438596491229,4095.0,248.0,170777.0,14,0.3305984877624218,0.3305984877624218,2.428606310836515,5
Fluo-C3DL-MDA231,1,4,data/raw/Fluo-C3DL-MDA231/01/t004.tif,reports/milestone_2/predicted_masks/mask004.tif,otsu,16,1356.0,8.428466076696164,207.35029498525077,156.93584070796462,7,194,134,11,235,184,1326.4041297935105,4095.0,244.0,1798604.0,32,7.754993274743092,7.754993274743092,12.578118633452274,3
Fluo-C3DL-MDA231,1,4,data/raw/Fluo-C3DL-MDA231/01/t004.tif,reports/milestone_2/predicted_masks/mask004.tif,otsu,17,73.0,8.273972602739725,204.08219178082192,377.8767123287671,7,196,374,10,211,384,1196.6301369863013,3506.0,246.0,87354.0,35,17.16115805362043,17.16115805362043,17.16115805362043,2
Fluo-C3DL-MDA231,1,4,data/raw/Fluo-C3DL-MDA231/01/t004.tif,reports/milestone_2/predicted_masks/mask004.tif,otsu,18,527.0,8.451612903225806,241.4079696394687,4.074003795066414,7,227,0,12,259,9,1391.990512333966,4095.0,242.0,733579.0,34,11.89963970159648,11.89963970159648,11.89963970159648,2
Fluo-C3DL-MDA231,1,4,data/raw/Fluo-C3DL-MDA231/01/t004.tif,reports/milestone_2/predicted_masks/mask004.tif,otsu,19,1915.0,10.54308093994778,246.4057441253264,315.4078328981724,8,218,307,15,272,326,1642.0240208877285,4095.0,246.0,3144476.0,16,5.008117882084695,5.008117882084695,14.303952386138208,5
Fluo-C3DL-MDA231,1,4,data/raw/Fluo-C3DL-MDA231/01/t004.tif,reports/milestone_2/predicted_masks/mask004.tif,otsu,20,1375.0,12.103272727272728,253.88072727272728,42.679272727272725,10,240,31,15,270,52,951.9389090909092,4095.0,248.0,1308916.0,6,1.0047878308619866,1.0047878308619866,28.222914740338066,5
Fluo-C3DL-MDA231,1,4,data/raw/Fluo-C3DL-MDA231/01/t004.tif,reports/milestone_2/predicted_masks/mask004.tif,otsu,21,352.0,12.840909090909092,297.3011363636364,1.8948863636363635,10,289,0,17,306,6,1201.2897727272727,4095.0,246.0,422854.0,38,,,0.0,1
Fluo-C3DL-MDA231,1,4,data/raw/Fluo-C3DL-MDA231/01/t004.tif,reports/milestone_2/predicted_masks/mask004.tif,otsu,22,2102.0,16.56803044719315,379.9096098953378,390.51236917221695,13,368,376,22,402,418,1564.4234062797336,4095.0,248.0,3288418.0,20,3.314567493139204,3.314567493139204,10.528100366442887,5
Fluo-C3DL-MDA231,1,4,data/raw/Fluo-C3DL-MDA231/01/t004.tif,reports/milestone_2/predicted_masks/mask004.tif,otsu,23,1048.0,15.850190839694656,382.5181297709924,14.958015267175572,13,368,8,19,405,24,1065.8730916030534,4095.0,240.0,1117035.0,21,1.2284827358990493,1.2284827358990493,11.608552433469663,5
Fluo-C3DL-MDA231,1,4,data/raw/Fluo-C3DL-MDA231/01/t004.tif,reports/milestone_2/predicted_masks/mask004.tif,otsu,24,1751.0,17.681324957167334,441.6013706453455,167.62250142775557,13,433,158,23,451,178,1801.003426613364,4095.0,246.0,3153557.0,24,0.13276070956189653,0.13276070956189653,3.9989207136520077,5
Fluo-C3DL-MDA231,1,4,data/raw/Fluo-C3DL-MDA231/01/t004.tif,reports/milestone_2/predicted_masks/mask004.tif,otsu,25,1227.0,15.95843520782396,478.6479217603912,411.361858190709,13,447,397,19,507,427,1027.207008964955,4095.0,244.0,1260383.0,22,1.4015113994729727,1.4015113994729727,14.718711416379339,5
Fluo-C3DL-MDA231,1,4,data/raw/Fluo-C3DL-MDA231/01/t004.tif,reports/milestone_2/predicted_masks/mask004.tif,otsu,26,170.0,16.694117647058825,338.3588235294118,480.7647058823529,15,327,479,19,354,484,666.4941176470588,1782.0,254.0,113304.0,23,2.0964747038131195,2.0964747038131195,10.766248873685957,5
Fluo-C3DL-MDA231,1,4,data/raw/Fluo-C3DL-MDA231/01/t004.tif,reports/milestone_2/predicted_masks/mask004.tif,otsu,27,71.0,17.64788732394366,509.4788732394366,403.67605633802816,16,506,399,20,512,408,821.6619718309859,2998.0,256.0,58337.99999999999,37,2.922229740328224,2.922229740328224,2.922229740328224,2
Fluo-C3DL-MDA231,1,4,data/raw/Fluo-C3DL-MDA231/01/t004.tif,reports/milestone_2/predicted_masks/mask004.tif,otsu,28,1251.0,20.014388489208635,188.32214228617107,394.523581135092,17,175,387,25,199,402,1723.0647482014388,4095.0,248.0,2155554.0,3,23.956307224299497,23.956307224299497,46.63417062092919,5
Fluo-C3DL-MDA231,1,4,data/raw/Fluo-C3DL-MDA231/01/t004.tif,reports/milestone_2/predicted_masks/mask004.tif,otsu,29,753.0,21.1726427622842,165.44754316069057,182.58565737051796,18,157,176,24,174,191,931.476759628154,3650.0,240.0,701402.0,26,1.0838231194961945,1.0838231194961945,20.09832506984408,5
Fluo-C3DL-MDA231,1,4,data/raw/Fluo-C3DL-MDA231/01/t004.tif,reports/milestone_2/predicted_masks/mask004.tif,otsu,30,2462.0,21.34443541835906,171.29610073111292,345.3176279447604,18,162,308,25,178,386,1380.7071486596262,4095.0,248.0,3399301.0,33,21.066987043100205,21.066987043100205,41.62559880306402,3
Fluo-C3DL-MDA231,1,4,data/raw/Fluo-C3DL-MDA231/01/t004.tif,reports/milestone_2/predicted_masks/mask004.tif,otsu,31,967.0,21.4229576008273,237.35160289555327,343.6442605997932,18,229,334,26,247,352,1688.882109617373,4095.0,246.0,1633149.0,39,,,0.0,1
Fluo-C3DL-MDA231,1,4,data/raw/Fluo-C3DL-MDA231/01/t004.tif,reports/milestone_2/predicted_masks/mask004.tif,otsu,32,1231.0,21.46628757108042,213.64662875710803,316.1072298943948,19,203,305,26,226,332,1513.6417546709993,4095.0,242.0,1863293.0,27,17.85384811107637,17.85384811107637,56.29887871178167,5
Fluo-C3DL-MDA231,1,4,data/raw/Fluo-C3DL-MDA231/01/t004.tif,reports/milestone_2/predicted_masks/mask004.tif,otsu,33,894.0,21.7662192393736,505.80089485458615,90.67785234899328,19,498,83,26,512,100,1523.0391498881431,4095.0,250.0,1361597.0,29,0.1448019970521688,0.1448019970521688,3.4876273538003173,5
Fluo-C3DL-MDA231,1,4,data/raw/Fluo-C3DL-MDA231/01/t004.tif,reports/milestone_2/predicted_masks/mask004.tif,otsu,34,1331.0,22.19909842223892,382.9669421487603,330.2043576258452,20,377,301,26,392,359,1044.8204357625846,4095.0,250.0,1390656.0,28,0.716557515498024,0.716557515498024,13.254204533828307,5
Fluo-C3DL-MDA231,1,4,data/raw/Fluo-C3DL-MDA231/01/t004.tif,reports/milestone_2/predicted_masks/mask004.tif,otsu,35,846.0,22.58628841607565,497.90898345153664,277.7635933806147,21,481,266,26,512,290,944.3995271867612,4095.0,242.0,798962.0,30,5.86426279974451,5.86426279974451,20.090966452496502,5
